1	utilisateur
1	Colin de la Higuera
3	informatique ubiquitaire
3	informatique  
4	informatique  
4	programmation
4	monde numérique
4	machine
4	codage
4	langage
4	algorithme
5	utilisateur
6	lien homme-informatique
6	utilisateur
6	intelligence artificielle
7	Réseaux sociaux
8	Réseaux sociaux
8	facebook
8	utilisateur
8	wikipédia
8	myspace
8	Rupert Murdoch
8	Specific Media
8	Viadeo
8	LinkedIn
8	Twitter
9	ONU
9	Ebay
9	amazon
9	MOOC
10	effet du petit monde
10	connaissances sociales
11	six degrés de séparation
11	expérience du petit monde 1967
11	Stanley Milgram
13	Réseau social
13	Hatebook
15	Réseaux sociaux
15	sociologues
15	effet du petit monde
16	Réseaux sociaux
16	graphes
16	sommets du graphe
16	arcs
16	arêtes
17	Réseau social
19	Réseau social
20	graphes
21	graphes
21	Réseau social
22	Réseaux-graphes
23	théorie de l’information
25	théorie des graphes
25	analyse des réseaux sociaux
25	graphes
25	Réseaux sociaux
25	connexité
25	chemins
25	cliques
25	coupes du graphe
25	flux
26	graphes
27	graphe
27	non orienté
27	sommets  
27	vertex
27	arêtes
27	edge
27	boucles
28	boucle 
28	sommet étiqueté
28	arête
28	adjacents
29	graphe orienté
29	sommets  
29	arcs
29	arc orienté
29	origine
29	extrémité
30	boucle 
30	sommet étiqueté
30	arc  
31	isomorphisme
31	graphe
31	isomorphes
32	isomorphes
33	isomorphes
34	isomorphes
35	isomorphisme de graphes
35	graphe
35	isomorphes
35	sommet  
36	graphes
36	modélisation
37	graphes
38	graphes de Delaunay
41	graphes
41	molécules
41	Réseaux sociaux
41	sites web
42	Graphe-réseau social
42	Réseau social
44	relation
47	matrice
48	graphe  
49	relation
49	matrice
49	graphe
50	langage
50	relation
51	langage
51	machine
51	logique des prédicats
52	logique du premier ordre
52	opérateur
52	quantificateurs
52	appartenance
52	implication
53	formules du premier ordre
54	quantificateurs
54	Propriété universelle
54	Propriété existentielle
59	cardinal
63	logique du premier ordre
63	calcul booléen
63	quantificateurs
