1	Informatique
1	Algorithme
1	Variable
1	Expressions
1	Instructions
2	Algorithme
2	Protocole
2	Instructions
3	Chomsky
3	Syntaxe
4	Algorithmes
4	Variable
4	mémoire
4	Instructions
5	Algorithme
5	Instructions
5	memoire
7	Variable
7	execution
7	Instructions
7	algorithme
7	Entrée/sortie
8	Algorithme
9	Declaration
9	interactions
10	commentaires
11	Saisie
11	commentaires
12	commentaires
12	Saisie
12	Affichage
13	saisie
13	commentaires
13	Affichage
13	Variable
13	affectation
14	algorithmes
14	l'état de la mémoire
14	mémoire
15	algorithme
15	saisir
16	algorithme
16	saisir
17	algorithme
17	saisir
18	algorithme
18	saisir
19	algorithme
19	saisir
20	algorithme
20	saisir
21	algorithme
21	saisir
22	algorithme
22	saisir
23	algorithme
23	saisir
24	algorithme
24	saisir
25	algorithme
25	saisir
26	algorithme
26	saisir
26	Javascript
27	Nom
27	Types
28	mémoire
28	adresse
31	entiers
35	variable
35	mémoire
36	variables
36	nom
36	Type
36	mémoire
36	mémoire physique
36	entier
36	réel
36	chaines de caractères
36	caractère
36	booléens
36	valeur courante
37	programme
37	noms de variables
37	variables
38	entiers
38	langage informatique
38	int 
38	C
38	javascript
39	binaire
39	décomposition binaire
39	entiers
39	bits
39	bit pour le signe
40	réels
40	flottants
40	règle d'écriture
40	langage informatique
40	float
40	C
40	numbers
40	javascript
41	nombre réel
41	réel
41	notation ingénieur
41	mantisse
41	exposant
41	entiers
41	coder en machine
41	javascript
42	flottants
42	entiers
42	bits
43	informatique
43	caractères
43	alphabet latin
43	alphabets non latin
43	norme de codage
43	ASCII
43	Unicode
44	ASCII
44	table ASCII
44	caractères
45	ASCII
45	table ASCII
45	caractères
46	Unicode
47	javascript
47	langage algorithmique
47	caractère
47	symbole
47	quotes
48	coder les caractères
48	entier
48	bits
49	chaines de caractères
49	caractères
49	javascript
49	langage algorithmique
49	suite de caractères
49	quotes
50	chaines de caractères
50	entiers
50	bits
51	booléens
51	TRUE
51	FALSE
52	type de base
52	informatique
52	coder
52	bits
53	types
53	coder
53	bits
53	mémoire
53	variable
54	opérations de base
54	syntaxe
55	addition
55	soustraction
55	multiplication
55	division entière
55	reste de la division entière
55	mod 
55	div 
55	comparaisons
55	entiers
55	booléen 
56	réels
56	comparaisons
57	réels
57	flottants
58	caractères
58	comparaisons
58	code ASCII
59	chaines de caractères
59	concatenation
59	caractère
59	variable
59	comparaisons
59	lexicographique
60	opérations logiques
61	table de vérité
62	table de vérité
63	table de vérité
64	table de vérité
65	table de vérité
66	table de vérité
67	table de vérité
68	table de vérité
69	table de vérité
70	table de vérité
71	table de vérité
72	table de vérité
73	table de vérité
74	syntaxe
74	expression 
75	syntaxe
75	expression
75	instructions 
75	algorithme
75	concaténation
75	évaluation de l'expression
76	javascript
77	javascript
78	séquentialité
79	algorithme
79	instruction
79	mémoire
79	affectations
79	saisies
79	Affichage
79	variables
80	mémoire
80	instructions
80	variable
80	chaines de caractères
81	instructions
81	chaines de caractères
82	instructions
82	affichage graphique
83	affectation
83	saisie
83	affichage
84	séquentialité
84	algorithme
84	instructions
84	symbole
86	instruction
86	affectation
87	instruction
87	affectation
87	expression
87	mémoire
87	variable
88	instruction
88	affectation
88	expression
88	mémoire
88	variable
89	instruction
89	affectation
89	expression
89	mémoire
89	variable
89	opérations
90	instruction
90	affectation
90	expression
90	mémoire
90	variable
90	opérations
90	affecte
91	instruction
91	affectation
91	expression
91	mémoire
91	variable
91	opérations
91	affecte
92	algorithme
92	mémoire
94	instructions
94	variables
95	algorithme
95	séquentielle
95	instructions
95	mémoire
95	variables
97	javascript
97	algorithme
